,Title,Image,Price,Star
1,A Light in the Attic,http://books.toscrape.com/media/cache/2c/da/2cdad67c44b002e7ead0cc35693c0e8b.jpg,£51.77,Three
2,Tipping the Velvet,http://books.toscrape.com/media/cache/26/0c/260c6ae16bce31c8f8c95daddd9f4a1c.jpg,£53.74,One
3,Soumission,http://books.toscrape.com/media/cache/3e/ef/3eef99c9d9adef34639f510662022830.jpg,£50.10,One
4,Sharp Objects,http://books.toscrape.com/media/cache/32/51/3251cf3a3412f53f339e42cac2134093.jpg,£47.82,Four
5,Sapiens: A Brief History of Humankind,http://books.toscrape.com/media/cache/be/a5/bea5697f2534a2f86a3ef27b5a8c12a6.jpg,£54.23,Five
6,The Requiem Red,http://books.toscrape.com/media/cache/68/33/68339b4c9bc034267e1da611ab3b34f8.jpg,£22.65,One
7,The Dirty Little Secrets of Getting Your Dream Job,http://books.toscrape.com/media/cache/92/27/92274a95b7c251fea59a2b8a78275ab4.jpg,£33.34,Four
8,"The Coming Woman: A Novel Based on the Life of the Infamous Feminist, Victoria Woodhull",http://books.toscrape.com/media/cache/3d/54/3d54940e57e662c4dd1f3ff00c78cc64.jpg,£17.93,Three
9,The Boys in the Boat: Nine Americans and Their Epic Quest for Gold at the 1936 Berlin Olympics,http://books.toscrape.com/media/cache/66/88/66883b91f6804b2323c8369331cb7dd1.jpg,£22.60,Four
10,The Black Maria,http://books.toscrape.com/media/cache/58/46/5846057e28022268153beff6d352b06c.jpg,£52.15,One
11,"Starving Hearts (Triangular Trade Trilogy, #1)",http://books.toscrape.com/media/cache/be/f4/bef44da28c98f905a3ebec0b87be8530.jpg,£13.99,Two
12,Shakespeare's Sonnets,http://books.toscrape.com/media/cache/10/48/1048f63d3b5061cd2f424d20b3f9b666.jpg,£20.66,Four
13,Set Me Free,http://books.toscrape.com/media/cache/5b/88/5b88c52633f53cacf162c15f4f823153.jpg,£17.46,Five
14,Scott Pilgrim's Precious Little Life (Scott Pilgrim #1),http://books.toscrape.com/media/cache/94/b1/94b1b8b244bce9677c2f29ccc890d4d2.jpg,£52.29,Five
15,Rip it Up and Start Again,http://books.toscrape.com/media/cache/81/c4/81c4a973364e17d01f217e1188253d5e.jpg,£35.02,Five
16,"Our Band Could Be Your Life: Scenes from the American Indie Underground, 1981-1991",http://books.toscrape.com/media/cache/54/60/54607fe8945897cdcced0044103b10b6.jpg,£57.25,Three
17,Olio,http://books.toscrape.com/media/cache/55/33/553310a7162dfbc2c6d19a84da0df9e1.jpg,£23.88,One
18,Mesaerion: The Best Science Fiction Stories 1800-1849,http://books.toscrape.com/media/cache/09/a3/09a3aef48557576e1a85ba7efea8ecb7.jpg,£37.59,One
19,Libertarianism for Beginners,http://books.toscrape.com/media/cache/0b/bc/0bbcd0a6f4bcd81ccb1049a52736406e.jpg,£51.33,Two
20,It's Only the Himalayas,http://books.toscrape.com/media/cache/27/a5/27a53d0bb95bdd88288eaf66c9230d7e.jpg,£45.17,Two
21,In Her Wake,http://books.toscrape.com/media/cache/5d/72/5d72709c6a7a9584a4d1cf07648bfce1.jpg,£12.84,One
22,How Music Works,http://books.toscrape.com/media/cache/5c/c8/5cc8e107246cb478960d4f0aba1e1c8e.jpg,£37.32,Two
23,"Foolproof Preserving: A Guide to Small Batch Jams, Jellies, Pickles, Condiments, and More: A Foolproof Guide to Making Small Batch Jams, Jellies, Pickles, Condiments, and More",http://books.toscrape.com/media/cache/9f/59/9f59f01fa916a7bb8f0b28a4012179a4.jpg,£30.52,Three
24,Chase Me (Paris Nights #2),http://books.toscrape.com/media/cache/9c/2e/9c2e0eb8866b8e3f3b768994fd3d1c1a.jpg,£25.27,Five
25,Black Dust,http://books.toscrape.com/media/cache/44/cc/44ccc99c8f82c33d4f9d2afa4ef25787.jpg,£34.53,Five
26,Birdsong: A Story in Pictures,http://books.toscrape.com/media/cache/af/6e/af6e796160fe63e0cf19d44395c7ddf2.jpg,£54.64,Three
27,America's Cradle of Quarterbacks: Western Pennsylvania's Football Factory from Johnny Unitas to Joe Montana,http://books.toscrape.com/media/cache/ef/0b/ef0bed08de4e083dba5e20fdb98d9c36.jpg,£22.50,Three
28,Aladdin and His Wonderful Lamp,http://books.toscrape.com/media/cache/d6/da/d6da0371958068bbaf39ea9c174275cd.jpg,£53.13,Three
29,Worlds Elsewhere: Journeys Around Shakespeare’s Globe,http://books.toscrape.com/media/cache/2e/98/2e98c332bf8563b584784971541c4445.jpg,£40.30,Five
30,Wall and Piece,http://books.toscrape.com/media/cache/a5/41/a5416b9646aaa7287baa287ec2590270.jpg,£44.18,Four
31,The Four Agreements: A Practical Guide to Personal Freedom,http://books.toscrape.com/media/cache/0f/7e/0f7ee69495c0df1d35723f012624a9f8.jpg,£17.66,Five
32,The Five Love Languages: How to Express Heartfelt Commitment to Your Mate,http://books.toscrape.com/media/cache/38/c5/38c56fba316c07305643a8065269594e.jpg,£31.05,Three
33,The Elephant Tree,http://books.toscrape.com/media/cache/5d/7e/5d7ecde8e81513eba8a64c9fe000744b.jpg,£23.82,Five
34,The Bear and the Piano,http://books.toscrape.com/media/cache/cf/bb/cfbb5e62715c6d888fd07794c9bab5d6.jpg,£36.89,One
35,Sophie's World,http://books.toscrape.com/media/cache/65/71/6571919836ec51ed54f0050c31d8a0cd.jpg,£15.94,Five
36,Penny Maybe,http://books.toscrape.com/media/cache/12/53/1253c21c5ef3c6d075c5fa3f5fecee6a.jpg,£33.29,Three
37,Maude (1883-1993):She Grew Up with the country,http://books.toscrape.com/media/cache/f5/88/f5889d038f5d8e949b494d147c2dcf54.jpg,£18.02,Two
38,"In a Dark, Dark Wood",http://books.toscrape.com/media/cache/23/85/238570a1c284e730dbc737a7e631ae2b.jpg,£19.63,One
39,Behind Closed Doors,http://books.toscrape.com/media/cache/e1/5c/e15c289ba58cea38519e1281e859f0c1.jpg,£52.22,Four
40,You can't bury them all: Poems,http://books.toscrape.com/media/cache/e9/20/e9203b733126c4a0832a1c7885dc27cf.jpg,£33.63,Two
